{
  "hash": "a674c02b",
  "configHash": "832fa983",
  "lockfileHash": "faa65230",
  "browserHash": "2bf3f9ce",
  "optimized": {
    "@angular/common": {
      "src": "../../../../../../node_modules/@angular/common/fesm2022/common.mjs",
      "file": "@angular_common.js",
      "fileHash": "1645f7df",
      "needsInterop": false
    },
    "@angular/common/http": {
      "src": "../../../../../../node_modules/@angular/common/fesm2022/http.mjs",
      "file": "@angular_common_http.js",
      "fileHash": "5e0cec51",
      "needsInterop": false
    },
    "@angular/core": {
      "src": "../../../../../../node_modules/@angular/core/fesm2022/core.mjs",
      "file": "@angular_core.js",
      "fileHash": "a7ba6057",
      "needsInterop": false
    },
    "@angular/forms": {
      "src": "../../../../../../node_modules/@angular/forms/fesm2022/forms.mjs",
      "file": "@angular_forms.js",
      "fileHash": "9dbbf467",
      "needsInterop": false
    },
    "@angular/platform-browser": {
      "src": "../../../../../../node_modules/@angular/platform-browser/fesm2022/platform-browser.mjs",
      "file": "@angular_platform-browser.js",
      "fileHash": "e125cefa",
      "needsInterop": false
    },
    "@angular/router": {
      "src": "../../../../../../node_modules/@angular/router/fesm2022/router.mjs",
      "file": "@angular_router.js",
      "fileHash": "7d1c5133",
      "needsInterop": false
    },
    "jspdf": {
      "src": "../../../../../../node_modules/jspdf/dist/jspdf.es.min.js",
      "file": "jspdf.js",
      "fileHash": "e78dbe1e",
      "needsInterop": false
    },
    "jspdf-autotable": {
      "src": "../../../../../../node_modules/jspdf-autotable/dist/jspdf.plugin.autotable.mjs",
      "file": "jspdf-autotable.js",
      "fileHash": "8be752b3",
      "needsInterop": false
    },
    "rxjs": {
      "src": "../../../../../../node_modules/rxjs/dist/esm5/index.js",
      "file": "rxjs.js",
      "fileHash": "d4662de9",
      "needsInterop": false
    },
    "xlsx": {
      "src": "../../../../../../node_modules/xlsx/xlsx.mjs",
      "file": "xlsx.js",
      "fileHash": "61593b82",
      "needsInterop": false
    },
    "@fortawesome/angular-fontawesome": {
      "src": "../../../../../../node_modules/@fortawesome/angular-fontawesome/fesm2022/angular-fontawesome.mjs",
      "file": "@fortawesome_angular-fontawesome.js",
      "fileHash": "b18f9b8a",
      "needsInterop": false
    },
    "@fortawesome/free-solid-svg-icons": {
      "src": "../../../../../../node_modules/@fortawesome/free-solid-svg-icons/index.mjs",
      "file": "@fortawesome_free-solid-svg-icons.js",
      "fileHash": "509f2d5b",
      "needsInterop": false
    }
  },
  "chunks": {
    "html2canvas.esm-GYISZ7TF": {
      "file": "html2canvas__esm-GYISZ7TF.js"
    },
    "purify.es-6CGZZUPG": {
      "file": "purify__es-6CGZZUPG.js"
    },
    "index.es-T254JJ2E": {
      "file": "index__es-T254JJ2E.js"
    },
    "chunk-WUUVWCMF": {
      "file": "chunk-WUUVWCMF.js"
    },
    "chunk-KIKB55F6": {
      "file": "chunk-KIKB55F6.js"
    },
    "chunk-HDDQWI3Z": {
      "file": "chunk-HDDQWI3Z.js"
    },
    "chunk-YVX5S53O": {
      "file": "chunk-YVX5S53O.js"
    },
    "chunk-K4FX4VJF": {
      "file": "chunk-K4FX4VJF.js"
    },
    "chunk-CUWYAHLF": {
      "file": "chunk-CUWYAHLF.js"
    },
    "chunk-RSS3ODKE": {
      "file": "chunk-RSS3ODKE.js"
    },
    "chunk-46DXP6YY": {
      "file": "chunk-46DXP6YY.js"
    }
  }
}